assetCode,name,category,location,status,installDate,model,manufacturer,serialNumber,description
BC02120086,11线UV 固化机,MECHANICAL,HPC-Production,ACTIVE,,,,,
BC02120080,11线WG-8023C同轴剥线机,MECHANICAL,HPC-Production,ACTIVE,,,,,
BC02001196,11线UV glue semi-automation machine-UV自动点胶设备,MECHANICAL,HPC-Production,ACTIVE,,,,,
BC02001132,11线吸烟机,MECHANICAL,HPC-Production,ACTIVE,,,,,
BC02001195,11线FR Strech-cut machine 半自动拉伸设备,MECHANICAL,HPC-Production,ACTIVE,,,,,
BC02001020,11线FR soldering machine 半自动焊接设备,MECHANICAL,HPC-Production,ACTIVE,,,,,
BC02000572,11线Crimping pressor定制立式气动压接机,MECHANICAL,HPC-Production,ACTIVE,,,,,
BC02001189,11线辅助理线治具,MECHANICAL,HPC-Production,ACTIVE,,,,,
HPC110001,11线拉拔刀（拉拔岗位）,MECHANICAL,HPC-Production,ACTIVE,,,,,
HPC110002,11线线缆烘烤机（准备）,MECHANICAL,HPC-Production,ACTIVE,,,,,
HPC121001,12-1线剥线机,MECHANICAL,HPC-Production,ACTIVE,,,,,
HPC121002,12-1线镭射，弯折,MECHANICAL,HPC-Production,ACTIVE,,,,,
HPC121003,12-1线沾溶剂，挪移,MECHANICAL,HPC-Production,ACTIVE,,,,,
HPC121004,12-1线镭射，挪移,MECHANICAL,HPC-Production,ACTIVE,,,,,
HPC121005,12-1线分PIN，整形1,MECHANICAL,HPC-Production,ACTIVE,,,,,
HPC121006,12-1线分PIN，整形2,MECHANICAL,HPC-Production,ACTIVE,,,,,
HPC121007,12-1线自动焊接机1,MECHANICAL,HPC-Production,ACTIVE,,,,,
HPC121008,12-1线自动焊接机2,MECHANICAL,HPC-Production,ACTIVE,,,,,
BC02000596,12-1线铆钉机,MECHANICAL,HPC-Production,ACTIVE,,,,,
BC02001211,12-1线注塑机,MECHANICAL,HPC-Production,ACTIVE,,,,,
HPC121009,12-1线UV light curing machine-UV光固化机,MECHANICAL,HPC-Production,ACTIVE,,,,,
HPC121010,12-1线吸烟仪,MECHANICAL,HPC-Production,ACTIVE,,,,,
HPC121011,12-1线工装夹具,MECHANICAL,HPC-Production,ACTIVE,,,,,
HPC121012,12-1线PCB板工装,MECHANICAL,HPC-Production,ACTIVE,,,,,
HPC121013,12-1线摆线线夹,MECHANICAL,HPC-Production,ACTIVE,,,,,
BC02140044,12线WG-8023C同轴剥线机,MECHANICAL,HPC-Production,ACTIVE,,,,,
BC02020006,12线国产手工注塑机,MECHANICAL,HPC-Production,ACTIVE,,,,,
HPC120001,12线注塑机,MECHANICAL,HPC-Production,ACTIVE,,,,,
BC05000985,12线屏蔽打散机（准备）,MECHANICAL,HPC-Production,ACTIVE,,,,,
BC02050054,12线外壳铆压机（外壳岗位）,MECHANICAL,HPC-Production,ACTIVE,,,,,
BC02050040,12线安全气动压接机,MECHANICAL,HPC-Production,ACTIVE,,,,,
BC02001131,12线吸烟机,MECHANICAL,HPC-Production,ACTIVE,,,,,
BC02120105,12线Auto-Crimping machine立式气动压接机（准备）,MECHANICAL,HPC-Production,ACTIVE,,,,,
BC02001161,12线HPC UV固化设备-2,MECHANICAL,HPC-Production,ACTIVE,,,,,
BC02000064,12线冷却水循环机,MECHANICAL,HPC-Production,ACTIVE,,,,,
HPC120002,12线拉拔刀（拉拔岗位）,MECHANICAL,HPC-Production,ACTIVE,,,,,
HPC120003,12线DD工装夹具,MECHANICAL,HPC-Production,ACTIVE,,,,,
HPC120004,12线拉拔控制块,MECHANICAL,HPC-Production,ACTIVE,,,,,
HPC120005,12线线缆烘烤机,MECHANICAL,HPC-Production,ACTIVE,,,,,
BC02001145,12线手动曲杆压接机（外壳岗位）,MECHANICAL,HPC-Production,ACTIVE,,,,,
BC05000980,14线扎线机,MECHANICAL,HPC-Production,ACTIVE,,,,,
BC02060011,14线 自动焊接机,MECHANICAL,HPC-Production,ACTIVE,,,,,
HPC140001,14线装外壳设备,MECHANICAL,HPC-Production,ACTIVE,,,,,
BC02020004,14线桌面低压注塑机,MECHANICAL,HPC-Production,ACTIVE,,,,,
BC02120090,14线热风枪（准备）,MECHANICAL,HPC-Production,ACTIVE,,,,,
BC02250005,14线压六方站,MECHANICAL,HPC-Production,ACTIVE,,,,,
BC05000895,14线上料和裁剪,MECHANICAL,HPC-Production,ACTIVE,,,,,
BC02250004,14线内环装配站 ,MECHANICAL,HPC-Production,ACTIVE,,,,,
BC02250003,14线线缆裁剪站,MECHANICAL,HPC-Production,ACTIVE,,,,,
BC02250007,14线裁切拉拔站,MECHANICAL,HPC-Production,ACTIVE,,,,,
BC02001162,14线HPC UV固化设备-3,MECHANICAL,HPC-Production,ACTIVE,,,,,
HPC140002,14线工装夹具,MECHANICAL,HPC-Production,ACTIVE,,,,,
HPC140003,14线芯子,MECHANICAL,HPC-Production,ACTIVE,,,,,
HPC140004,14线PCB工装,MECHANICAL,HPC-Production,ACTIVE,,,,,
BC02020007,1线桌面低压注塑机,MECHANICAL,HPC-Production,ACTIVE,,,,,
BC05001021,1线激光剥线机,MECHANICAL,HPC-Production,ACTIVE,,,,,
BC02050047,1线手动曲杆压接机（准备岗位）,MECHANICAL,HPC-Production,ACTIVE,,,,,
BC02001144,1线手动曲杆压接机（激光岗位）,MECHANICAL,HPC-Production,ACTIVE,,,,,
BC02001140,1线吸烟机,MECHANICAL,HPC-Production,ACTIVE,,,,,
BC02120110,1线自动螺丝机,MECHANICAL,HPC-Production,ACTIVE,,,,,
BC02050045,1线手动曲杆压接机（外壳岗位小头）,MECHANICAL,HPC-Production,ACTIVE,,,,,
BC02001118,1线手动曲杆压接机（外壳岗位大头）,MECHANICAL,HPC-Production,ACTIVE,,,,,
BC02001119,1线吸烟机,MECHANICAL,HPC-Production,ACTIVE,,,,,
BC02001160,1线HPC UV固化设备-1,MECHANICAL,HPC-Production,ACTIVE,,,,,
BC02000063,1线冷却水循环机,MECHANICAL,HPC-Production,ACTIVE,,,,,
HPC010001,1线自动焊接机,MECHANICAL,HPC-Production,ACTIVE,,,,,
HPC010002,1线工装夹具,MECHANICAL,HPC-Production,ACTIVE,,,,,
HPC010003,1线芯子,MECHANICAL,HPC-Production,ACTIVE,,,,,
HPC010004,1线线缆烘烤机,MECHANICAL,HPC-Production,ACTIVE,,,,,
BC02050060,2线外壳铆压机,MECHANICAL,HPC-Production,ACTIVE,,,,,
BC02140046,2线激光剥线机,MECHANICAL,HPC-Production,ACTIVE,,,,,
BC02000260,2线注塑机,MECHANICAL,HPC-Production,ACTIVE,,,,,
BC02120099,2线屏蔽打散机,MECHANICAL,HPC-Production,ACTIVE,,,,,
BC05000919,2线精益工作台,MECHANICAL,HPC-Production,ACTIVE,,,,,
BC02001138,2线吸烟机,MECHANICAL,HPC-Production,ACTIVE,,,,,
BC05000903,2线低压注塑机,MECHANICAL,HPC-Production,ACTIVE,,,,,
BC02001075,2线UV light curing machine-UV光固化机,MECHANICAL,HPC-Production,ACTIVE,,,,,
BC02000074,2线冷却水循环机,MECHANICAL,HPC-Production,ACTIVE,,,,,
HPC020001,2线工装夹具,MECHANICAL,HPC-Production,ACTIVE,,,,,
HPC020002,2线芯子,MECHANICAL,HPC-Production,ACTIVE,,,,,
HPC020003,2线PCB工装,MECHANICAL,HPC-Production,ACTIVE,,,,,
HPC020004,2线拉拔刀（拉拔岗位）,MECHANICAL,HPC-Production,ACTIVE,,,,,
BC02020005,3线低压注塑机,MECHANICAL,HPC-Production,ACTIVE,,,,,
BC02060005,3线自动焊接机1,MECHANICAL,HPC-Production,ACTIVE,,,,,
BC02060013,3线自动焊接机2,MECHANICAL,HPC-Production,ACTIVE,,,,,
BC02050052,3线安全气动压接机,MECHANICAL,HPC-Production,ACTIVE,,,,,
HPC030001,3线手动曲杆压接机,MECHANICAL,HPC-Production,ACTIVE,,,,,
BC05000995,3线激光剥线机,MECHANICAL,HPC-Production,ACTIVE,,,,,
BC02120063,3线拉拔绝缘切割机,MECHANICAL,HPC-Production,ACTIVE,,,,,
BC02001116,3线合并裁切机,MECHANICAL,HPC-Production,ACTIVE,,,,,
BC05000943,3线自动螺丝机,MECHANICAL,HPC-Production,ACTIVE,,,,,
BC02001136,3线吸烟机,MECHANICAL,HPC-Production,ACTIVE,,,,,
BC02000142,3线冷却水循环机,MECHANICAL,HPC-Production,ACTIVE,,,,,
HPC030002,3线工装夹具,MECHANICAL,HPC-Production,ACTIVE,,,,,
HPC030003,3线芯子,MECHANICAL,HPC-Production,ACTIVE,,,,,
HPC030004,3线PCB工装,MECHANICAL,HPC-Production,ACTIVE,,,,,
BC02001117,4线合并裁切机,MECHANICAL,HPC-Production,ACTIVE,,,,,
BC02000080,4线冷却水循环机,MECHANICAL,HPC-Production,ACTIVE,,,,,
HPC040001,4线工装夹具,MECHANICAL,HPC-Production,ACTIVE,,,,,
HPC040002,4线芯子,MECHANICAL,HPC-Production,ACTIVE,,,,,
HPC040003,4线PCB工装,MECHANICAL,HPC-Production,ACTIVE,,,,,
BC05000888,4线激光剥线机,MECHANICAL,HPC-Production,ACTIVE,,,,,
BC02020008,4线低压注塑机,MECHANICAL,HPC-Production,ACTIVE,,,,,
BC02060015,4线自动焊接机,MECHANICAL,HPC-Production,ACTIVE,,,,,
BC05000964,4线自动焊接机,MECHANICAL,HPC-Production,ACTIVE,,,,,
BC05000926,4线拉拔绝缘切割机,MECHANICAL,HPC-Production,ACTIVE,,,,,
BC02050038,4线手动曲杆压接机,MECHANICAL,HPC-Production,ACTIVE,,,,,
HPC040004,4线吸烟机,MECHANICAL,HPC-Production,ACTIVE,,,,,
BC05000935,5线自动合盘切割机,MECHANICAL,HPC-Production,ACTIVE,,,,,
BC02140041,5线拉拔绝缘切割机,MECHANICAL,HPC-Production,ACTIVE,,,,,
BC02140035,5线激光剥线机,MECHANICAL,HPC-Production,ACTIVE,,,,,
BC05001019,5线自动焊接机1,MECHANICAL,HPC-Production,ACTIVE,,,,,
BC02060014,5线自动焊接机2,MECHANICAL,HPC-Production,ACTIVE,,,,,
BC02050048,5线安全气动压接机,MECHANICAL,HPC-Production,ACTIVE,,,,,
BC02001012,5线后端自动化 (DUST CAP  震动盘),MECHANICAL,HPC-Production,ACTIVE,,,,,
BC02001010,5线后端自动化,MECHANICAL,HPC-Production,ACTIVE,,,,,
BC02001011,5线后端自动化 (LONG SCEWS 震动盘),MECHANICAL,HPC-Production,ACTIVE,,,,,
BC02001208,5线后端自动化 (O型圈震动盘),MECHANICAL,HPC-Production,ACTIVE,,,,,
BC02000148,5线冷却水循环机,MECHANICAL,HPC-Production,ACTIVE,,,,,
HPC050001,5线低压注塑机,MECHANICAL,HPC-Production,ACTIVE,,,,,
HPC050002,5线自动螺丝机,MECHANICAL,HPC-Production,ACTIVE,,,,,
HPC050003,5线吸烟机,MECHANICAL,HPC-Production,ACTIVE,,,,,
HPC050004,5线工装夹具,MECHANICAL,HPC-Production,ACTIVE,,,,,
HPC050005,5线芯子,MECHANICAL,HPC-Production,ACTIVE,,,,,
HPC050006,5线PCB工装,MECHANICAL,HPC-Production,ACTIVE,,,,,
BC02001139,6线吸烟机,MECHANICAL,HPC-Production,ACTIVE,,,,,
BC02000583,6线研华工控机IPC-510KB-300W（焊接机1）,MECHANICAL,HPC-Production,ACTIVE,,,,,
BC02000584,6线大族双头激光剥线机SP-C02-501,MECHANICAL,HPC-Production,ACTIVE,,,,,
BC02050056,6线安全气动压接机,MECHANICAL,HPC-Production,ACTIVE,,,,,
BC05001047,6线桌面低压注塑机,MECHANICAL,HPC-Production,ACTIVE,,,,,
BC02001204,6线HPC 高压注塑机,MECHANICAL,HPC-Production,ACTIVE,,,,,
BC02000090,6线冷却水循环机,MECHANICAL,HPC-Production,ACTIVE,,,,,
BC02000582,6线研华工控机IPC-510KB-300W（焊接机2）,MECHANICAL,HPC-Production,ACTIVE,,,,,
HPC060001,6线拉拔岗位,MECHANICAL,HPC-Production,ACTIVE,,,,,
HPC060002,6线流水线轨道,MECHANICAL,HPC-Production,ACTIVE,,,,,
HPC060003,6线工装夹具,MECHANICAL,HPC-Production,ACTIVE,,,,,
HPC060004,6线芯子,MECHANICAL,HPC-Production,ACTIVE,,,,,
HPC060005,6线PCB工装,MECHANICAL,HPC-Production,ACTIVE,,,,,
BC02050036,7线UC200端子压接机,MECHANICAL,HPC-Production,ACTIVE,,,,,
BC02140025,7线US2300剥线机,MECHANICAL,HPC-Production,ACTIVE,,,,,
BC02050057,7线SC200端子压接机,MECHANICAL,HPC-Production,ACTIVE,,,,,
HPC070001,7线PP3小端子机,MECHANICAL,HPC-Production,ACTIVE,,,,,
BC05001046,7线切片分析仪,MECHANICAL,HPC-Production,ACTIVE,,,,,
BC02060012,8线 超声波焊接机 ,MECHANICAL,HPC-Production,ACTIVE,,,,,
BC02060009,8线USB3.0超声波焊接机,MECHANICAL,HPC-Production,ACTIVE,,,,,
BC02001122,8线吸烟机,MECHANICAL,HPC-Production,ACTIVE,,,,,
HPC080001,8线剥线钳,MECHANICAL,HPC-Production,ACTIVE,,,,,
BC05001007,气动压接机Power 2四点压接机,MECHANICAL,AD-Production,ACTIVE,,,,,
BC05000957,压接机Drive Cliq  1,MECHANICAL,AD-Production,ACTIVE,,,,,
BC02140036,气动剥线机Signal  1,MECHANICAL,AD-Production,ACTIVE,,,,,
BC02050063,压接机Power 2,MECHANICAL,AD-Production,ACTIVE,,,,,
BC05001032,剥线机Power 2,MECHANICAL,AD-Production,ACTIVE,,,,,
BC02050029,压接机Signal  2,MECHANICAL,AD-Production,ACTIVE,,,,,
BC02140038,气剥机HDM2015小剥线机,MECHANICAL,AD-Production,ACTIVE,,,,,
BC05000956,剥线机M 22015小剥线机,MECHANICAL,AD-Production,ACTIVE,,,,,
BC02000578,索铌格2300剥线机M 2,MECHANICAL,AD-Production,ACTIVE,,,,,
BC02001100,半自动压接机Drive Cliq  1,MECHANICAL,AD-Production,ACTIVE,,,,,
BC05000979,压接机Power 2,MECHANICAL,AD-Production,ACTIVE,,,,,
BC02120075,屏蔽打散机M 2,MECHANICAL,AD-Production,ACTIVE,,,,,
BC05001012,剥线机剥线区大剥线机,MECHANICAL,AD-Production,ACTIVE,,,,,
BC02120103,喷码机喷码区白墨,MECHANICAL,AD-Production,ACTIVE,,,,,
BC02050041,海昌台式压接机 RS半自动压接机,MECHANICAL,AD-Production,ACTIVE,,,,,
BC05000975,气动剥线机M 22015小剥线机,MECHANICAL,AD-Production,ACTIVE,,,,,
BC05000958,四点压接机M 2四点压接机,MECHANICAL,AD-Production,ACTIVE,,,,,
BC02001099,半自动压接机Signal  1绿色压接机,MECHANICAL,AD-Production,ACTIVE,,,,,
BC05001034,松散机Power 1,MECHANICAL,AD-Production,ACTIVE,,,,,
BC02050064,压接机HDM半自动压接机,MECHANICAL,AD-Production,ACTIVE,,,,,
BC02050037,电缆剥线机M 2半自动压接机,MECHANICAL,AD-Production,ACTIVE,,,,,
BC05000976,气动压接机Power 2绿色压接机,MECHANICAL,AD-Production,ACTIVE,,,,,
BC05000936,剥线机HDM大剥线机,MECHANICAL,AD-Production,ACTIVE,,,,,
BC02001095,半自动压接机M 2绿色压接机,MECHANICAL,AD-Production,ACTIVE,,,,,
BC02140026,气动剥线机HDM2015小剥线机,MECHANICAL,AD-Production,ACTIVE,,,,,
BC02140031,剥线机M 22015小剥线机,MECHANICAL,AD-Production,ACTIVE,,,,,
BC02120055,喷码机喷码区黑墨,MECHANICAL,AD-Production,ACTIVE,,,,,
BC05001001,自动端子机Signal  1压筒状808915,MECHANICAL,AD-Production,ACTIVE,,,,,
BC02001098,半自动压接机Drive Cliq  2绿色压接机,MECHANICAL,AD-Production,ACTIVE,,,,,
BC02050059,自动压接机M 2SC750压接机,MECHANICAL,AD-Production,ACTIVE,,,,,
BC02050055,气动压接机Drive Cliq  2绿色压接机,MECHANICAL,AD-Production,ACTIVE,,,,,
BC02001073,国产替代索尼格剥打机M 2小端子机,MECHANICAL,AD-Production,ACTIVE,,,,,
BC02001101,压接机Drive Cliq  3压818862,MECHANICAL,AD-Production,ACTIVE,,,,,
BC02001009,屏蔽松散机-8000/1HDM准备,MECHANICAL,AD-Production,ACTIVE,,,,,
BC02140037,剥线机HDM蓝色剥线机,MECHANICAL,AD-Production,ACTIVE,,,,,
BC05001003,剥线压接机Drive Cliq  3PP3压接机,MECHANICAL,AD-Production,ACTIVE,,,,,
BC02050035,压接机Signal  2压接东泰接头,MECHANICAL,AD-Production,ACTIVE,,,,,
BC02050062,压接机 Drive Cliq  3压818862,MECHANICAL,AD-Production,ACTIVE,,,,,
BC05001045,气动剥线机HDM2015小剥线机,MECHANICAL,AD-Production,ACTIVE,,,,,
BC02140040,剥线机Signal  12015小剥线机,MECHANICAL,AD-Production,ACTIVE,,,,,
BC02120112,屏蔽打散机Power 2,MECHANICAL,AD-Production,ACTIVE,,,,,
BC05000984,气动压接机M 2灰色压接机,MECHANICAL,AD-Production,ACTIVE,,,,,
BC02050033,压接机Signal  2压接东泰接头,MECHANICAL,AD-Production,ACTIVE,,,,,
BC02000577,索铌格2300剥线机M 2,MECHANICAL,AD-Production,ACTIVE,,,,,
BC02050058,剥线压接机Drive Cliq  3PP3压接机,MECHANICAL,AD-Production,ACTIVE,,,,,
BC02001200,PP3-压接机 serial no. 2024-02-04 SLSignal ,MECHANICAL,AD-Production,ACTIVE,,,,,
BC02140049,剥线机_Z-F AI 04HDM蓝色压接机,MECHANICAL,AD-Production,ACTIVE,,,,,
BC02001201,PP3-压接机 serial no. 2024-02-01 SLHDM,MECHANICAL,AD-Production,ACTIVE,,,,,
BC02001007,压接机Crimping machine for semi-auto crimpiHDM,MECHANICAL,AD-Production,ACTIVE,,,,,
BC02001008,剥线机Stripping machine for long length剥线区,MECHANICAL,AD-Production,ACTIVE,,,,,
BC02050044,气动压接机Power 2接地片,MECHANICAL,AD-Production,ACTIVE,,,,,
BC02001007-1,压接机Crimping machine for semi-auto crimpi,MECHANICAL,HDM-Production,ACTIVE,,,,,
BC02000577-1,索铌格2300剥线机,MECHANICAL,HDM-Production,ACTIVE,,,,,
BC05000006, 吸烟仪,MECHANICAL,HDM-Production,ACTIVE,,,,,
BC02000592,TR弹簧线卷线机含主动放线架,MECHANICAL,TMP-Production,ACTIVE,,,,,
BC02001042,四点压接机-适配 0.08-4MM,MECHANICAL,RS-Production,ACTIVE,,,,,
BC02001049,同轴剥线机-2300,MECHANICAL,HDM-Production,ACTIVE,,,,,
BC02000590,TR弹簧线烘烤箱,MECHANICAL,TMP-Production,ACTIVE,,,,,
BC02001197,同轴剥线机,MECHANICAL,RS-Production,ACTIVE,,,,,
BC02000591,TR弹簧线返卷机,MECHANICAL,TMP-Production,ACTIVE,,,,,
BC04000115,拉力测试仪,MECHANICAL,RS-Production,ACTIVE,,,,,
BC05000997,RENNSTEIG 636 0723 3 CM25-3压接机,MECHANICAL,RS-Production,ACTIVE,,,,,
BC02001200-1,PP3-压接机 serial no. 2024-02-04 SL,MECHANICAL,AD-Production,ACTIVE,,,,,
BC05000898,定制款四点压接机/0.08-4mm?,MECHANICAL,RS-Production,ACTIVE,,,,,
BC02001201-1,PP3-压接机 serial no. 2024-02-01 SL,MECHANICAL,HDM-Production,ACTIVE,,,,,
BC04000037,端子拉力测试机-1000N-50000N  (1%精度）,MECHANICAL,RS-Production,ACTIVE,,,,,
BC02140048,Z-F 剥线机,MECHANICAL,RS-Production,ACTIVE,,,,,
BC05000977,定制款四点压接机/0.5-10mm?,MECHANICAL,RS-Production,ACTIVE,,,,,
BC02050041-1,海昌台式压接机 ,MECHANICAL,RS-Production,ACTIVE,,,,,
BC02001077,HC-C-C-同轴压接机YJ-07-BC02001077,MECHANICAL,HC-Production,ACTIVE,,,,,
BC05001037,HC-前道-同轴剥线机BX-3-BC05001037,MECHANICAL,HC-Production,ACTIVE,,,,,
BC02120059,HC-S2流水-点胶固化机-BC02120059,MECHANICAL,HC-Production,ACTIVE,,,,,
BC02001199,HC-机器压接处-PP3蓝色YJ-70-BC02001199,MECHANICAL,HC-Production,ACTIVE,,,,,
BC05000966,HC-前道-自动剥线机BX-13-BC05000966,MECHANICAL,HC-Production,ACTIVE,,,,,
BC05000944,HC-Other-大炮压接机-BC05000944,MECHANICAL,HC-Production,ACTIVE,,,,,
BC02001092,HC-S3流水-吸烟机-BC02001092,MECHANICAL,HC-Production,ACTIVE,,,,,
BC05000939,HC-前道-同轴剥线机BX-2-BC05000939,MECHANICAL,HC-Production,ACTIVE,,,,,
BC02050067,HC-机器压接处-SC200全自动-BC02050067,MECHANICAL,HC-Production,ACTIVE,,,,,
BC02000200,HC-Other-拉力机-BC02000200,MECHANICAL,HC-Production,ACTIVE,,,,,
BC02120077,HC-C-C-点胶固化机-BC02120077,MECHANICAL,HC-Production,ACTIVE,,,,,
BC02140028,HC-Other-大线剥线机-BC02140028,MECHANICAL,HC-Production,ACTIVE,,,,,
BC02001198,HC-机器压接处-PP3蓝色YJ-71-BC02001198,MECHANICAL,HC-Production,ACTIVE,,,,,
BC02050049,HC-L-L-油缸压接机-BC02050049,MECHANICAL,HC-Production,ACTIVE,,,,,
BC02120067,HC-工段长工位旁-切热缩管机-BC02120067,MECHANICAL,HC-Production,ACTIVE,,,,,
BC02001157,HC-工段长工位旁-注塑机-BC02001157,MECHANICAL,HC-Production,ACTIVE,,,,,
BC05000942,HC-前道-屏蔽线打散机-BC05000942,MECHANICAL,HC-Production,ACTIVE,,,,,
BC02140045,HC-L-L-蓝色剥线机-BC02140045,MECHANICAL,HC-Production,ACTIVE,,,,,
BC02001205,HC-C-C-欧杜小针压接机-BC02001205,MECHANICAL,HC-Production,ACTIVE,,,,,
BC02000378,HC-79流水-拉力机-BC02000378,MECHANICAL,HC-Production,ACTIVE,,,,,
BC02050066,HC-S2流水-索尼格剥线机-BC02050066,MECHANICAL,HC-Production,ACTIVE,,,,,
BC05000952,HC-前道-同轴剥线机BX-04-BC05000952,MECHANICAL,HC-Production,ACTIVE,,,,,
BC02140043,HC-C-C-索尼格2300剥线机-BC02140043,MECHANICAL,HC-Production,ACTIVE,,,,,
BC05001008,HC-Other-四点气动压接机-BC05001008,MECHANICAL,HC-Production,ACTIVE,,,,,
BC02001210,HC-Other-光纤全自动剥皮机-BC02001210,MECHANICAL,HC-Production,ACTIVE,,,,,
BC02050034,HC-Other-气动压接机-BC02050034,MECHANICAL,HC-Production,ACTIVE,,,,,
BC02120131,HC-Other-拉力机-BC02120131,MECHANICAL,HC-Production,ACTIVE,,,,,
BC02050027,HC-79流水-四点气动压接机-BC02050027,MECHANICAL,HC-Production,ACTIVE,,,,,
BC05000014,HC-机器压接处-半自动压接机-BC05000014,MECHANICAL,HC-Production,ACTIVE,,,,,
BC02050050,HC-机器压接处-压接机YJ-38-BC02050050,MECHANICAL,HC-Production,ACTIVE,,,,,
BC02001050,HC-前道-同轴剥线机-BC02001050,MECHANICAL,HC-Production,ACTIVE,,,,,
BC05001022,HC-机器压接处-端子压接机YJ-46-BC05001022,MECHANICAL,HC-Production,ACTIVE,,,,,
BC05000886,HC-前道-剥线机BX-01-BC05000886,MECHANICAL,HC-Production,ACTIVE,,,,,
BC02140034,HC-Other-US2300剥线机-BC02140034,MECHANICAL,HC-Production,ACTIVE,,,,,
BC02050032,HC-L-L-压接机-BC02050032,MECHANICAL,HC-Production,ACTIVE,,,,,
HC0001,HC-C-C-焊台,MECHANICAL,HC-Production,ACTIVE,,,,,
HC0002,HC-GJG8-A1-机器压接模具,MECHANICAL,HC-Production,ACTIVE,,,,,
HC0003,HC-GJG8-A2-机器压接模具,MECHANICAL,HC-Production,ACTIVE,,,,,
HC0004,HC-GJG8-A3-机器压接模具,MECHANICAL,HC-Production,ACTIVE,,,,,
HC0005,HC-GJG8-A4-机器压接模具,MECHANICAL,HC-Production,ACTIVE,,,,,
HC0006,HC-GJG8-A5-机器压接模具,MECHANICAL,HC-Production,ACTIVE,,,,,
HC0007,HC-GJG8-A6-机器压接模具,MECHANICAL,HC-Production,ACTIVE,,,,,
HC0008,HC-GJG8-A7-机器压接模具,MECHANICAL,HC-Production,ACTIVE,,,,,
HC0009,HC-GJG8-A8-机器压接模具,MECHANICAL,HC-Production,ACTIVE,,,,,
HC0010,HC-GJG8-A9-机器压接模具,MECHANICAL,HC-Production,ACTIVE,,,,,
HC0011,HC-GJG8-A10-机器压接模具,MECHANICAL,HC-Production,ACTIVE,,,,,
HC0012,HC-GJG5-B1-手机压接工具,MECHANICAL,HC-Production,ACTIVE,,,,,
HC0013,HC-GJG5-B2-手机压接工具,MECHANICAL,HC-Production,ACTIVE,,,,,
HC0014,HC-GJG5-B3-手机压接工具,MECHANICAL,HC-Production,ACTIVE,,,,,
HC0015,HC-GJG5-B4-手机压接工具,MECHANICAL,HC-Production,ACTIVE,,,,,
HC0016,HC-GJG5-B5-手机压接工具,MECHANICAL,HC-Production,ACTIVE,,,,,
HC0017,HC-GJG5-B6-手机压接工具,MECHANICAL,HC-Production,ACTIVE,,,,,
HC0018,HC-GJG5-B7-手机压接工具,MECHANICAL,HC-Production,ACTIVE,,,,,
HC0019,HC-GJG5-B8-手机压接工具,MECHANICAL,HC-Production,ACTIVE,,,,,
HC0020,HC-GJG5-B9-手机压接工具,MECHANICAL,HC-Production,ACTIVE,,,,,
HC0021,HC-GJG6-C1-手机压接工具,MECHANICAL,HC-Production,ACTIVE,,,,,
HC0022,HC-GJG6-C2-手机压接工具,MECHANICAL,HC-Production,ACTIVE,,,,,
HC0023,HC-GJG6-C3-手机压接工具,MECHANICAL,HC-Production,ACTIVE,,,,,
HC0024,HC-GJG6-C4-手机压接工具,MECHANICAL,HC-Production,ACTIVE,,,,,
HC0025,HC-GJG6-C5-手机压接工具,MECHANICAL,HC-Production,ACTIVE,,,,,
HC0026,HC-GJG6-C6-手机压接工具,MECHANICAL,HC-Production,ACTIVE,,,,,
HC0027,HC-GJG6-C7-手机压接工具,MECHANICAL,HC-Production,ACTIVE,,,,,
HC0028,HC-GJG6-C8-手机压接工具,MECHANICAL,HC-Production,ACTIVE,,,,,
HC0029,HC-GJG6-C9-手机压接工具,MECHANICAL,HC-Production,ACTIVE,,,,,
HC0030,HC-GJG7-D1-手机压接工具,MECHANICAL,HC-Production,ACTIVE,,,,,
HC0031,HC-GJG7-D2-手机压接工具,MECHANICAL,HC-Production,ACTIVE,,,,,
HC0032,HC-GJG7-D3-手机压接工具,MECHANICAL,HC-Production,ACTIVE,,,,,
HC0033,HC-GJG7-D4-手机压接工具,MECHANICAL,HC-Production,ACTIVE,,,,,
HC0034,HC-GJG7-D5-手机压接工具,MECHANICAL,HC-Production,ACTIVE,,,,,
HC0035,HC-GJG7-D6-手机压接工具,MECHANICAL,HC-Production,ACTIVE,,,,,
HC0036,HC-GJG7-D7-手机压接工具,MECHANICAL,HC-Production,ACTIVE,,,,,
HC0037,HC-GJG7-D8-手机压接工具,MECHANICAL,HC-Production,ACTIVE,,,,,
HC0038,HC-GJG7-D9-手机压接工具,MECHANICAL,HC-Production,ACTIVE,,,,,
HC0039,HC-GJG15-G1-手机压接工具,MECHANICAL,HC-Production,ACTIVE,,,,,
HC0040,HC-GJG15-G2-手机压接工具,MECHANICAL,HC-Production,ACTIVE,,,,,
HC0041,HC-GJG15-G3-手机压接工具,MECHANICAL,HC-Production,ACTIVE,,,,,
HC0042,HC-GJG15-G4-手机压接工具,MECHANICAL,HC-Production,ACTIVE,,,,,
HC0043,HC-GJG15-G5-手机压接工具,MECHANICAL,HC-Production,ACTIVE,,,,,
SCP0001,75放线架,MECHANICAL,SCP-Production,ACTIVE,,,,,
SCP0002,75放线架舞蹈轮,MECHANICAL,SCP-Production,ACTIVE,,,,,
BC02000254,75放线架储线器,MECHANICAL,SCP-Production,ACTIVE,,,,,
BC02000236,75挤出机,MECHANICAL,SCP-Production,ACTIVE,,,,,
SCP0003,75水槽,MECHANICAL,SCP-Production,ACTIVE,,,,,
SCP0004,75吹干装置,MECHANICAL,SCP-Production,ACTIVE,,,,,
BC05001044,75下料系统,MECHANICAL,SCP-Production,ACTIVE,,,,,
SCP0005,75喷码支架,MECHANICAL,SCP-Production,ACTIVE,,,,,
SCP0006,75水箱,MECHANICAL,SCP-Production,ACTIVE,,,,,
SCP0007,75冷水机,MECHANICAL,SCP-Production,ACTIVE,,,,,
SCP0008,75双轮牵引机,MECHANICAL,SCP-Production,ACTIVE,,,,,
BC02000277,75火花仪,MECHANICAL,SCP-Production,ACTIVE,,,,,
SCP0009,75计米器,MECHANICAL,SCP-Production,ACTIVE,,,,,
BC02000238,75凹凸仪,MECHANICAL,SCP-Production,ACTIVE,,,,,
BC02000345,75热直径测试仪,MECHANICAL,SCP-Production,ACTIVE,,,,,
BC02000264,75主机电柜,MECHANICAL,SCP-Production,ACTIVE,,,,,
BC02000291,75冷直径测试仪,MECHANICAL,SCP-Production,ACTIVE,,,,,
BC02000374,75导体直径测试仪,MECHANICAL,SCP-Production,ACTIVE,,,,,
SCP0010,75收线架储线器,MECHANICAL,SCP-Production,ACTIVE,,,,,
SCP0011,75收线架,MECHANICAL,SCP-Production,ACTIVE,,,,,
SCP0012,75EKP800收线架,MECHANICAL,SCP-Production,ACTIVE,,,,,
BC02120084,75色母料烘干机,MECHANICAL,SCP-Production,ACTIVE,,,,,
BC02200003,75烘箱,MECHANICAL,SCP-Production,ACTIVE,,,,,
SCP0013,60放线架,MECHANICAL,SCP-Production,ACTIVE,,,,,
SCP0014,60放线架储线器,MECHANICAL,SCP-Production,ACTIVE,,,,,
SCP0015,60导体拉直器,MECHANICAL,SCP-Production,ACTIVE,,,,,
BC05000913,60下料系统,MECHANICAL,SCP-Production,ACTIVE,,,,,
BC02010003,60挤出机,MECHANICAL,SCP-Production,ACTIVE,,,,,
BC02010002,60色条挤出机1,MECHANICAL,SCP-Production,ACTIVE,,,,,
SCP0016,60色条挤出机2,MECHANICAL,SCP-Production,ACTIVE,,,,,
SCP0017,60水槽,MECHANICAL,SCP-Production,ACTIVE,,,,,
SCP0018,60吹干装置,MECHANICAL,SCP-Production,ACTIVE,,,,,
SCP0019,60喷码支架,MECHANICAL,SCP-Production,ACTIVE,,,,,
SCP0020,60冷水机,MECHANICAL,SCP-Production,ACTIVE,,,,,
SCP0021,60水箱,MECHANICAL,SCP-Production,ACTIVE,,,,,
SCP0022,60牵引机,MECHANICAL,SCP-Production,ACTIVE,,,,,
SCP0023,60火花仪,MECHANICAL,SCP-Production,ACTIVE,,,,,
SCP0024,60计米器,MECHANICAL,SCP-Production,ACTIVE,,,,,
BC02000261,60凹凸仪,MECHANICAL,SCP-Production,ACTIVE,,,,,
SCP0025,60冷直径测试仪,MECHANICAL,SCP-Production,ACTIVE,,,,,
BC02200005,60主机电柜,MECHANICAL,SCP-Production,ACTIVE,,,,,
SCP0026,60收线架储线器,MECHANICAL,SCP-Production,ACTIVE,,,,,
SCP0027,60收线架,MECHANICAL,SCP-Production,ACTIVE,,,,,
SCP0028,60牵引机,MECHANICAL,SCP-Production,ACTIVE,,,,,
BC02110013,60热压印机,MECHANICAL,SCP-Production,ACTIVE,,,,,
BC02000312,60偏心仪,MECHANICAL,SCP-Production,ACTIVE,,,,,
SCP0029,60热直径仪,MECHANICAL,SCP-Production,ACTIVE,,,,,
SCP0030,90放线架,MECHANICAL,SCP-Production,ACTIVE,,,,,
SCP0031,90放线架舞蹈轮,MECHANICAL,SCP-Production,ACTIVE,,,,,
SCP0032,90放线架储线器,MECHANICAL,SCP-Production,ACTIVE,,,,,
SCP0033,90下料系统,MECHANICAL,SCP-Production,ACTIVE,,,,,
SCP0034,90挤出机,MECHANICAL,SCP-Production,ACTIVE,,,,,
SCP0035,90水槽,MECHANICAL,SCP-Production,ACTIVE,,,,,
SCP0036,90吹干装置,MECHANICAL,SCP-Production,ACTIVE,,,,,
SCP0037,90喷码支架,MECHANICAL,SCP-Production,ACTIVE,,,,,
SCP0038,90水箱,MECHANICAL,SCP-Production,ACTIVE,,,,,
SCP0039,90冷水机,MECHANICAL,SCP-Production,ACTIVE,,,,,
SCP0040,90牵引机,MECHANICAL,SCP-Production,ACTIVE,,,,,
SCP0041,90火花仪,MECHANICAL,SCP-Production,ACTIVE,,,,,
SCP0042,90计米器,MECHANICAL,SCP-Production,ACTIVE,,,,,
SCP0043,90凹凸仪,MECHANICAL,SCP-Production,ACTIVE,,,,,
SCP0044,90热直径测试仪,MECHANICAL,SCP-Production,ACTIVE,,,,,
SCP0045,90冷直径测试仪,MECHANICAL,SCP-Production,ACTIVE,,,,,
SCP0046,90主机电柜,MECHANICAL,SCP-Production,ACTIVE,,,,,
SCP0047,90收线架储线器,MECHANICAL,SCP-Production,ACTIVE,,,,,
SCP0048,90收线架,MECHANICAL,SCP-Production,ACTIVE,,,,,
SCP0049,100放线架,MECHANICAL,SCP-Production,ACTIVE,,,,,
SCP0050,100放线架储线器,MECHANICAL,SCP-Production,ACTIVE,,,,,
SCP0051,100放线架牵引机,MECHANICAL,SCP-Production,ACTIVE,,,,,
SCP0052,100下料系统,MECHANICAL,SCP-Production,ACTIVE,,,,,
SCP0053,100挤出机,MECHANICAL,SCP-Production,ACTIVE,,,,,
SCP0054,100水槽,MECHANICAL,SCP-Production,ACTIVE,,,,,
SCP0055,100喷码支架,MECHANICAL,SCP-Production,ACTIVE,,,,,
SCP0056,100真空泵,MECHANICAL,SCP-Production,ACTIVE,,,,,
SCP0057,100吹干装置,MECHANICAL,SCP-Production,ACTIVE,,,,,
SCP0058,100水箱,MECHANICAL,SCP-Production,ACTIVE,,,,,
BC02000202,100热直径测试仪,MECHANICAL,SCP-Production,ACTIVE,,,,,
SCP0059,100冷水机,MECHANICAL,SCP-Production,ACTIVE,,,,,
BC05001000,100油冷机,MECHANICAL,SCP-Production,ACTIVE,,,,,
BC02000361,100火花仪,MECHANICAL,SCP-Production,ACTIVE,,,,,
BC02000298,100计米器,MECHANICAL,SCP-Production,ACTIVE,,,,,
BC02000177,100凹凸仪,MECHANICAL,SCP-Production,ACTIVE,,,,,
BC02000351,100冷直径测试仪,MECHANICAL,SCP-Production,ACTIVE,,,,,
BC02000237,100主机电柜,MECHANICAL,SCP-Production,ACTIVE,,,,,
SCP0060,100收线架牵引机,MECHANICAL,SCP-Production,ACTIVE,,,,,
SCP0061,100收线架储线器,MECHANICAL,SCP-Production,ACTIVE,,,,,
SCP0062,100收线架,MECHANICAL,SCP-Production,ACTIVE,,,,,
BC02200004,100烘箱,MECHANICAL,SCP-Production,ACTIVE,,,,,
SCP0063,高温放线架,MECHANICAL,SCP-Production,ACTIVE,,,,,
BC02000296,高温预热机,MECHANICAL,SCP-Production,ACTIVE,,,,,
SCP0064,高温挤出机,MECHANICAL,SCP-Production,ACTIVE,,,,,
SCP0065,高温色环机,MECHANICAL,SCP-Production,ACTIVE,,,,,
SCP0066,高温真空泵,MECHANICAL,SCP-Production,ACTIVE,,,,,
SCP0067,高温水槽,MECHANICAL,SCP-Production,ACTIVE,,,,,
SCP0068,高温水箱,MECHANICAL,SCP-Production,ACTIVE,,,,,
SCP0069,高温等离子机,MECHANICAL,SCP-Production,ACTIVE,,,,,
SCP0070,高温吹干装置,MECHANICAL,SCP-Production,ACTIVE,,,,,
SCP0071,高温喷码支架,MECHANICAL,SCP-Production,ACTIVE,,,,,
SCP0072,高温冷水机,MECHANICAL,SCP-Production,ACTIVE,,,,,
SCP0073,高温牵引机,MECHANICAL,SCP-Production,ACTIVE,,,,,
SCP0074,高温储线器,MECHANICAL,SCP-Production,ACTIVE,,,,,
BC02000300,高温火花仪,MECHANICAL,SCP-Production,ACTIVE,,,,,
SCP0075,高温计米器,MECHANICAL,SCP-Production,ACTIVE,,,,,
BC02000353,高温凹凸仪,MECHANICAL,SCP-Production,ACTIVE,,,,,
SCP0076,高温偏心仪,MECHANICAL,SCP-Production,ACTIVE,,,,,
BC02000342,高温热外径测试仪,MECHANICAL,SCP-Production,ACTIVE,,,,,
BC02000193,高温冷外径测试仪,MECHANICAL,SCP-Production,ACTIVE,,,,,
BC05000914,高温主机电柜,MECHANICAL,SCP-Production,ACTIVE,,,,,
SCP0077,高温收线架,MECHANICAL,SCP-Production,ACTIVE,,,,,
BC05001025,高温烘箱,MECHANICAL,SCP-Production,ACTIVE,,,,,
BC02001213,高温色母料烘干机,MECHANICAL,SCP-Production,ACTIVE,,,,,
BC05000928,松套放线架,MECHANICAL,SCP-Production,ACTIVE,,,,,
BC02080028,松套光纤放线架,MECHANICAL,SCP-Production,ACTIVE,,,,,
BC02080027,松套凯夫拉放线架,MECHANICAL,SCP-Production,ACTIVE,,,,,
SCP0078,松套挤出机,MECHANICAL,SCP-Production,ACTIVE,,,,,
BC022200006,松套下料系统,MECHANICAL,SCP-Production,ACTIVE,,,,,
SCP0079,松套注油系统,MECHANICAL,SCP-Production,ACTIVE,,,,,
SCP0080,松套水槽,MECHANICAL,SCP-Production,ACTIVE,,,,,
SCP0081,松套水箱,MECHANICAL,SCP-Production,ACTIVE,,,,,
SCP0082,松套吹干装置,MECHANICAL,SCP-Production,ACTIVE,,,,,
SCP0083,松套喷码支架,MECHANICAL,SCP-Production,ACTIVE,,,,,
SCP0084,松套冷水机,MECHANICAL,SCP-Production,ACTIVE,,,,,
SCP0085,松套牵引机,MECHANICAL,SCP-Production,ACTIVE,,,,,
SCP0086,松套收线舞蹈轮,MECHANICAL,SCP-Production,ACTIVE,,,,,
SCP0087,松套计米器,MECHANICAL,SCP-Production,ACTIVE,,,,,
BC02000331,松套凹凸仪,MECHANICAL,SCP-Production,ACTIVE,,,,,
SCP0088,松套偏心仪,MECHANICAL,SCP-Production,ACTIVE,,,,,
BC02000330,松套热外径测试仪,MECHANICAL,SCP-Production,ACTIVE,,,,,
BC02000223,松套冷外径测试仪,MECHANICAL,SCP-Production,ACTIVE,,,,,
BC05000993,松套主机电柜,MECHANICAL,SCP-Production,ACTIVE,,,,,
SCP0089,松套收线架,MECHANICAL,SCP-Production,ACTIVE,,,,,
BC02150006,发泡1放线架,MECHANICAL,SCP-Production,ACTIVE,,,,,
SCP0090,发泡1导体清洗机,MECHANICAL,SCP-Production,ACTIVE,,,,,
SCP0091,发泡1高频预热,MECHANICAL,SCP-Production,ACTIVE,,,,,
SCP0092,发泡1挤出机,MECHANICAL,SCP-Production,ACTIVE,,,,,
SCP0093,发泡1下料系统,MECHANICAL,SCP-Production,ACTIVE,,,,,
SCP0094,发泡1水槽,MECHANICAL,SCP-Production,ACTIVE,,,,,
SCP0095,发泡1水箱,MECHANICAL,SCP-Production,ACTIVE,,,,,
BC02040009,发泡1冷水机,MECHANICAL,SCP-Production,ACTIVE,,,,,
BC02000280,发泡1热电容仪,MECHANICAL,SCP-Production,ACTIVE,,,,,
SCP0096,发泡1双轮牵引,MECHANICAL,SCP-Production,ACTIVE,,,,,
BC02000179,发泡1冷电容仪,MECHANICAL,SCP-Production,ACTIVE,,,,,
SCP0097,发泡1吹干装置,MECHANICAL,SCP-Production,ACTIVE,,,,,
SCP0098,发泡1喷码支架,MECHANICAL,SCP-Production,ACTIVE,,,,,
BC02000287,发泡1火花仪,MECHANICAL,SCP-Production,ACTIVE,,,,,
SCP0099,发泡1计米器,MECHANICAL,SCP-Production,ACTIVE,,,,,
BC02000210,发泡1凹凸仪,MECHANICAL,SCP-Production,ACTIVE,,,,,
BC02000227,发泡1导体外径测试仪,MECHANICAL,SCP-Production,ACTIVE,,,,,
BC02000334,发泡1偏心仪,MECHANICAL,SCP-Production,ACTIVE,,,,,
BC02170001,发泡1主机电柜,MECHANICAL,SCP-Production,ACTIVE,,,,,
SCP0100,发泡1收线架1,MECHANICAL,SCP-Production,ACTIVE,,,,,
BC02200002,发泡1烘箱主机,MECHANICAL,SCP-Production,ACTIVE,,,,,
BC02120107,发泡1氮气站,MECHANICAL,SCP-Production,ACTIVE,,,,,
SCP0101,发泡2放线架,MECHANICAL,SCP-Production,ACTIVE,,,,,
SCP0102,发泡2高频预热,MECHANICAL,SCP-Production,ACTIVE,,,,,
SCP0103,发泡2挤出机,MECHANICAL,SCP-Production,ACTIVE,,,,,
SCP0104,发泡2下料系统,MECHANICAL,SCP-Production,ACTIVE,,,,,
SCP0105,发泡2氮气站,MECHANICAL,SCP-Production,ACTIVE,,,,,
SCP0106,发泡2水槽,MECHANICAL,SCP-Production,ACTIVE,,,,,
SCP0107,发泡2水箱,MECHANICAL,SCP-Production,ACTIVE,,,,,
SCP0108,发泡2热电容仪,MECHANICAL,SCP-Production,ACTIVE,,,,,
SCP0109,发泡2冷水机,MECHANICAL,SCP-Production,ACTIVE,,,,,
SCP0110,发泡2双轮牵引,MECHANICAL,SCP-Production,ACTIVE,,,,,
SCP0111,发泡2冷电容仪,MECHANICAL,SCP-Production,ACTIVE,,,,,
SCP0112,发泡2吹干装置,MECHANICAL,SCP-Production,ACTIVE,,,,,
SCP0113,发泡2火花仪,MECHANICAL,SCP-Production,ACTIVE,,,,,
SCP0114,发泡2计米器,MECHANICAL,SCP-Production,ACTIVE,,,,,
SCP0115,发泡2偏心仪,MECHANICAL,SCP-Production,ACTIVE,,,,,
SCP0116,发泡2凹凸仪,MECHANICAL,SCP-Production,ACTIVE,,,,,
SCP0117,发泡2导体测试仪,MECHANICAL,SCP-Production,ACTIVE,,,,,
SCP0118,发泡2冷直径测试仪,MECHANICAL,SCP-Production,ACTIVE,,,,,
BC02170005,发泡2主机电柜,MECHANICAL,SCP-Production,ACTIVE,,,,,
SCP0119,发泡2收线架,MECHANICAL,SCP-Production,ACTIVE,,,,,
SCP0120,实心绝缘放线架,MECHANICAL,SCP-Production,ACTIVE,,,,,
SCP0121,实心绝缘高频预热,MECHANICAL,SCP-Production,ACTIVE,,,,,
BC02230003,实心绝缘导体清洗机,MECHANICAL,SCP-Production,ACTIVE,,,,,
SCP0122,实心绝缘挤出机,MECHANICAL,SCP-Production,ACTIVE,,,,,
SCP0123,实心绝缘色环机,MECHANICAL,SCP-Production,ACTIVE,,,,,
SCP0124,实心绝缘下料系统,MECHANICAL,SCP-Production,ACTIVE,,,,,
SCP0125,实心绝缘水槽,MECHANICAL,SCP-Production,ACTIVE,,,,,
SCP0126,实心绝缘水箱,MECHANICAL,SCP-Production,ACTIVE,,,,,
SCP0127,实心绝缘冷水机,MECHANICAL,SCP-Production,ACTIVE,,,,,
SCP0128,实心绝缘等离子机,MECHANICAL,SCP-Production,ACTIVE,,,,,
SCP0129,实心绝缘双轮牵引,MECHANICAL,SCP-Production,ACTIVE,,,,,
SCP0130,实心绝缘吹干装置,MECHANICAL,SCP-Production,ACTIVE,,,,,
SCP0131,实心绝缘喷码支架,MECHANICAL,SCP-Production,ACTIVE,,,,,
SCP0132,实心绝缘火花仪,MECHANICAL,SCP-Production,ACTIVE,,,,,
SCP0133,实心绝缘计米器,MECHANICAL,SCP-Production,ACTIVE,,,,,
SCP0134,实心绝缘凹凸仪,MECHANICAL,SCP-Production,ACTIVE,,,,,
SCP0135,实心绝缘偏心仪,MECHANICAL,SCP-Production,ACTIVE,,,,,
SCP0136,实心绝缘导体外径测试仪,MECHANICAL,SCP-Production,ACTIVE,,,,,
SCP0137,实心绝缘冷外径测试仪,MECHANICAL,SCP-Production,ACTIVE,,,,,
SCP0138,实心绝缘夹线器,MECHANICAL,SCP-Production,ACTIVE,,,,,
BC02210001,实心绝缘主机电柜,MECHANICAL,SCP-Production,ACTIVE,,,,,
SCP0139,实心绝缘收线架,MECHANICAL,SCP-Production,ACTIVE,,,,,
BC02030010,创展双绞放线架,MECHANICAL,SCP-Production,ACTIVE,,,,,
BC02030012,创展双绞主机电柜,MECHANICAL,SCP-Production,ACTIVE,,,,,
SCP0140,创展双绞收线架,MECHANICAL,SCP-Production,ACTIVE,,,,,
BC02120074,高登双绞放线架1-2,MECHANICAL,SCP-Production,ACTIVE,,,,,
BC02120106,高登双绞放线架3-4,MECHANICAL,SCP-Production,ACTIVE,,,,,
SCP0141,高登双绞气轮夹紧器,MECHANICAL,SCP-Production,ACTIVE,,,,,
SCP0142,高登双绞收线架,MECHANICAL,SCP-Production,ACTIVE,,,,,
BC02030009,高登双绞主机电柜,MECHANICAL,SCP-Production,ACTIVE,,,,,
SCP0143,尼霍夫双绞放线架,MECHANICAL,SCP-Production,ACTIVE,,,,,
SCP0144,尼霍夫双绞舞蹈轮,MECHANICAL,SCP-Production,ACTIVE,,,,,
SCP0145,尼霍夫双绞包带放线架,MECHANICAL,SCP-Production,ACTIVE,,,,,
SCP0146,尼霍夫双绞气轮夹紧器,MECHANICAL,SCP-Production,ACTIVE,,,,,
SCP0147,尼霍夫双绞火花仪,MECHANICAL,SCP-Production,ACTIVE,,,,,
SCP0148,尼霍夫双绞收线架,MECHANICAL,SCP-Production,ACTIVE,,,,,
BC05000940,尼霍夫双绞主机电柜,MECHANICAL,SCP-Production,ACTIVE,,,,,
SCP0149,KUKAMA退扭放线架,MECHANICAL,SCP-Production,ACTIVE,,,,,
BC02150009,KUKAMA卧式放线架,MECHANICAL,SCP-Production,ACTIVE,,,,,
SCP0150,KUKAMA预绞器,MECHANICAL,SCP-Production,ACTIVE,,,,,
SCP0151,KUKAMA绕包机,MECHANICAL,SCP-Production,ACTIVE,,,,,
SCP0152,KUKAMA气轮夹紧器,MECHANICAL,SCP-Production,ACTIVE,,,,,
SCP0153,KUKAMA收线架,MECHANICAL,SCP-Production,ACTIVE,,,,,
BC02120125,KUKAMA起重机,MECHANICAL,SCP-Production,ACTIVE,,,,,
BC05000892,KUKAMA主机电柜,MECHANICAL,SCP-Production,ACTIVE,,,,,
SCP0154,ASTAST1000收线架,MECHANICAL,SCP-Production,ACTIVE,,,,,
SCP0155,ASTAST1000牵引机,MECHANICAL,SCP-Production,ACTIVE,,,,,
SCP0156,ASTAST1000气轮夹紧器,MECHANICAL,SCP-Production,ACTIVE,,,,,
BC05000891,ASTAST1000绕包机,MECHANICAL,SCP-Production,ACTIVE,,,,,
BC05000954,AST铝箔放线架,MECHANICAL,SCP-Production,ACTIVE,,,,,
SCP0157,AST放线架1-12,MECHANICAL,SCP-Production,ACTIVE,,,,,
BC02130026,ASTAST1250绕包机,MECHANICAL,SCP-Production,ACTIVE,,,,,
SCP0158,ASTAST1250气轮夹紧器,MECHANICAL,SCP-Production,ACTIVE,,,,,
BC02030011,AST主机电柜,MECHANICAL,SCP-Production,ACTIVE,,,,,
SCP0159,ASTAST1250牵引机,MECHANICAL,SCP-Production,ACTIVE,,,,,
SCP0160,ASTAST1250收线架,MECHANICAL,SCP-Production,ACTIVE,,,,,
BC02000556,Setic1000放线架1,MECHANICAL,SCP-Production,ACTIVE,,,,,
BC02000560,Setic1000放线架2,MECHANICAL,SCP-Production,ACTIVE,,,,,
BC02000558,Setic1000放线架3,MECHANICAL,SCP-Production,ACTIVE,,,,,
SCP0161,Setic1000预绞器,MECHANICAL,SCP-Production,ACTIVE,,,,,
BC02130024,Setic1000绕包机,MECHANICAL,SCP-Production,ACTIVE,,,,,
SCP0162,Setic1000气轮夹紧器,MECHANICAL,SCP-Production,ACTIVE,,,,,
BC05000941,Setic1000牵引机,MECHANICAL,SCP-Production,ACTIVE,,,,,
BC02090020,Setic1000收线架,MECHANICAL,SCP-Production,ACTIVE,,,,,
BC05000908,Setic1000主机电柜,MECHANICAL,SCP-Production,ACTIVE,,,,,
SCP0163,创展1000放线架,MECHANICAL,SCP-Production,ACTIVE,,,,,
SCP0164,创展1000预绞器,MECHANICAL,SCP-Production,ACTIVE,,,,,
SCP0165,创展1000绕包机,MECHANICAL,SCP-Production,ACTIVE,,,,,
SCP0166,创展1000牵引机,MECHANICAL,SCP-Production,ACTIVE,,,,,
SCP0167,创展1000收线架,MECHANICAL,SCP-Production,ACTIVE,,,,,
BC02030008,创展1000主机电柜,MECHANICAL,SCP-Production,ACTIVE,,,,,
SCP0168,新创展单绞放线架1,MECHANICAL,SCP-Production,ACTIVE,,,,,
SCP0169,新创展单绞放线架2,MECHANICAL,SCP-Production,ACTIVE,,,,,
SCP0170,新创展单绞预绞器,MECHANICAL,SCP-Production,ACTIVE,,,,,
SCP0171,新创展单绞绕包机,MECHANICAL,SCP-Production,ACTIVE,,,,,
SCP0172,新创展单绞牵引机,MECHANICAL,SCP-Production,ACTIVE,,,,,
SCP0173,新创展单绞收线架,MECHANICAL,SCP-Production,ACTIVE,,,,,
BC02001156,新创展单绞主机电柜,MECHANICAL,SCP-Production,ACTIVE,,,,,
BC02120095,编织绕丝-1,MECHANICAL,SCP-Production,ACTIVE,,,,,
BC05000890,编织绕丝-2,MECHANICAL,SCP-Production,ACTIVE,,,,,
BC02070009,编织16-1,MECHANICAL,SCP-Production,ACTIVE,,,,,
BC02070028,编织16-2,MECHANICAL,SCP-Production,ACTIVE,,,,,
BC02070025,编织16-3,MECHANICAL,SCP-Production,ACTIVE,,,,,
BC02070031,编织16-4,MECHANICAL,SCP-Production,ACTIVE,,,,,
BC02070008,编织16-5,MECHANICAL,SCP-Production,ACTIVE,,,,,
BC02070029,编织16-6,MECHANICAL,SCP-Production,ACTIVE,,,,,
BC02000567,编织16-7,MECHANICAL,SCP-Production,ACTIVE,,,,,
BC02000566,编织16-8,MECHANICAL,SCP-Production,ACTIVE,,,,,
BC02070026,编织16-9,MECHANICAL,SCP-Production,ACTIVE,,,,,
BC02070035,编织16-10,MECHANICAL,SCP-Production,ACTIVE,,,,,
BC02070014,编织16-11-绕包,MECHANICAL,SCP-Production,ACTIVE,,,,,
SCP0174,编织16-11-绕包编码,MECHANICAL,SCP-Production,ACTIVE,,,,,
BC02070011,编织16-12-绕包,MECHANICAL,SCP-Production,ACTIVE,,,,,
BC02001045,编织16-12-绕包编码,MECHANICAL,SCP-Production,ACTIVE,,,,,
BC05000916,编织16-13-绕包,MECHANICAL,SCP-Production,ACTIVE,,,,,
BC02130028,编织16-13-绕包编码,MECHANICAL,SCP-Production,ACTIVE,,,,,
BC02070017,编织16-14-绕包,MECHANICAL,SCP-Production,ACTIVE,,,,,
BC02130021,编织16-14-绕包编码,MECHANICAL,SCP-Production,ACTIVE,,,,,
BC05000907,编织16-15-绕包,MECHANICAL,SCP-Production,ACTIVE,,,,,
BC02130016,编织16-15-绕包编码,MECHANICAL,SCP-Production,ACTIVE,,,,,
BC02070019,编织16-16-绕包,MECHANICAL,SCP-Production,ACTIVE,,,,,
BC05001042,编织16-16-绕包编码,MECHANICAL,SCP-Production,ACTIVE,,,,,
BC05001043,编织16-17-绕包,MECHANICAL,SCP-Production,ACTIVE,,,,,
BC05000923,编织16-17-绕包编码,MECHANICAL,SCP-Production,ACTIVE,,,,,
BC05000978,编织16-18,MECHANICAL,SCP-Production,ACTIVE,,,,,
BC05001031,编织16-19-绕包,MECHANICAL,SCP-Production,ACTIVE,,,,,
BC02001023,编织16-19-绕包编码,MECHANICAL,SCP-Production,ACTIVE,,,,,
BC02070018,编织16-20,MECHANICAL,SCP-Production,ACTIVE,,,,,
BC02000564,编织16-21,MECHANICAL,SCP-Production,ACTIVE,,,,,
BC02000563,编织16-22,MECHANICAL,SCP-Production,ACTIVE,,,,,
BC02000555,编织16-23,MECHANICAL,SCP-Production,ACTIVE,,,,,
BC02000553,编织16-24,MECHANICAL,SCP-Production,ACTIVE,,,,,
BC02000565,编织16-25,MECHANICAL,SCP-Production,ACTIVE,,,,,
BC02000552,编织16-26,MECHANICAL,SCP-Production,ACTIVE,,,,,
BC02070027,编织16-27,MECHANICAL,SCP-Production,ACTIVE,,,,,
BC02070032,编织16-28,MECHANICAL,SCP-Production,ACTIVE,,,,,
BC02000562,编织16-29,MECHANICAL,SCP-Production,ACTIVE,,,,,
BC02000554,编织16-30,MECHANICAL,SCP-Production,ACTIVE,,,,,
BC02001023-1,编织16-31,MECHANICAL,SCP-Production,ACTIVE,,,,,
BC02000580,编织16-32,MECHANICAL,SCP-Production,ACTIVE,,,,,
BC02070015,编织24-1-绕包,MECHANICAL,SCP-Production,ACTIVE,,,,,
BC02130014,编织24-1-绕包编码,MECHANICAL,SCP-Production,ACTIVE,,,,,
BC02070024,编织24-2-绕包,MECHANICAL,SCP-Production,ACTIVE,,,,,
BC02130018,编织24-2-绕包编码,MECHANICAL,SCP-Production,ACTIVE,,,,,
BC02001051,编织24-3-绕包,MECHANICAL,SCP-Production,ACTIVE,,,,,
BC02130022,编织24-3-绕包编码,MECHANICAL,SCP-Production,ACTIVE,,,,,
BC05001039,编织24-4-绕包,MECHANICAL,SCP-Production,ACTIVE,,,,,
BC02001046,编织24-4-绕包编码,MECHANICAL,SCP-Production,ACTIVE,,,,,
BC02070023,编织24-5,MECHANICAL,SCP-Production,ACTIVE,,,,,
BC02070021,编织24-6,MECHANICAL,SCP-Production,ACTIVE,,,,,
BC02001047,编织24-7,MECHANICAL,SCP-Production,ACTIVE,,,,,
BC02070016,编织24-8,MECHANICAL,SCP-Production,ACTIVE,,,,,
BC02001053,编织24-9,MECHANICAL,SCP-Production,ACTIVE,,,,,
BC02001056,编织24-10,MECHANICAL,SCP-Production,ACTIVE,,,,,
BC02001048,编织24-11,MECHANICAL,SCP-Production,ACTIVE,,,,,
BC02001052,编织24-12,MECHANICAL,SCP-Production,ACTIVE,,,,,
BC02001054,编织24-13,MECHANICAL,SCP-Production,ACTIVE,,,,,
BC02001055,编织24-14,MECHANICAL,SCP-Production,ACTIVE,,,,,
BC02070030,编织36-1-绕包,MECHANICAL,SCP-Production,ACTIVE,,,,,
BC02130020,编织36-1-绕包编码,MECHANICAL,SCP-Production,ACTIVE,,,,,
SCP0175,编织36-1-绕包牵引机,MECHANICAL,SCP-Production,ACTIVE,,,,,
BC02001044,编织36-2-绕包,MECHANICAL,SCP-Production,ACTIVE,,,,,
SCP0176,编织36-2-绕包编码,MECHANICAL,SCP-Production,ACTIVE,,,,,
SCP0177,编织36-2-绕包牵引机,MECHANICAL,SCP-Production,ACTIVE,,,,,
BC02070033,编织16锭钢丝机,MECHANICAL,SCP-Production,ACTIVE,,,,,
BC02070022,编织24锭钢丝机,MECHANICAL,SCP-Production,ACTIVE,,,,,
SCP0178,四头绕包放线架1,MECHANICAL,SCP-Production,ACTIVE,,,,,
SCP0179,四头绕包放线架2,MECHANICAL,SCP-Production,ACTIVE,,,,,
SCP0180,四头绕包拉直器1,MECHANICAL,SCP-Production,ACTIVE,,,,,
SCP0181,四头绕包拉直器2,MECHANICAL,SCP-Production,ACTIVE,,,,,
SCP0182,四头绕包绕包机1,MECHANICAL,SCP-Production,ACTIVE,,,,,
SCP0183,四头绕包绕包机2,MECHANICAL,SCP-Production,ACTIVE,,,,,
SCP0184,四头绕包绕包机3,MECHANICAL,SCP-Production,ACTIVE,,,,,
SCP0185,四头绕包绕包机4,MECHANICAL,SCP-Production,ACTIVE,,,,,
SCP0186,四头绕包牵引机1,MECHANICAL,SCP-Production,ACTIVE,,,,,
SCP0187,四头绕包牵引机2,MECHANICAL,SCP-Production,ACTIVE,,,,,
SCP0188,四头绕包收线架1,MECHANICAL,SCP-Production,ACTIVE,,,,,
SCP0189,四头绕包收线架2,MECHANICAL,SCP-Production,ACTIVE,,,,,
BC02130017,四头绕包主机电柜,MECHANICAL,SCP-Production,ACTIVE,,,,,
SCP0190,复绕放线架,MECHANICAL,SCP-Production,ACTIVE,,,,,
BC02110014,复绕色条滚印机,MECHANICAL,SCP-Production,ACTIVE,,,,,
BC05000929,复绕绕包机,MECHANICAL,SCP-Production,ACTIVE,,,,,
SCP0191,复绕喷码支架,MECHANICAL,SCP-Production,ACTIVE,,,,,
SCP0192,复绕计米器,MECHANICAL,SCP-Production,ACTIVE,,,,,
BC02000271,复绕交流火花仪,MECHANICAL,SCP-Production,ACTIVE,,,,,
BC02000340,复绕直流火花仪,MECHANICAL,SCP-Production,ACTIVE,,,,,
BC02000246,复绕凹凸仪,MECHANICAL,SCP-Production,ACTIVE,,,,,
BC02000232,复绕外径测试仪,MECHANICAL,SCP-Production,ACTIVE,,,,,
BC05001033,复绕主机电柜,MECHANICAL,SCP-Production,ACTIVE,,,,,
SCP0193,复绕收线架,MECHANICAL,SCP-Production,ACTIVE,,,,,
BC02110005,喷码机KBA黑,MECHANICAL,SCP-Production,ACTIVE,,,,,
BC05000959,喷码机KBA白,MECHANICAL,SCP-Production,ACTIVE,,,,,
BC02001113,喷码机白1,MECHANICAL,SCP-Production,ACTIVE,,,,,
BC05000911,喷码机白2,MECHANICAL,SCP-Production,ACTIVE,,,,,
BC05000974,喷码机白3,MECHANICAL,SCP-Production,ACTIVE,,,,,
BC02110010,喷码机白4,MECHANICAL,SCP-Production,ACTIVE,,,,,
BC02110006,喷码机白5,MECHANICAL,SCP-Production,ACTIVE,,,,,
BC02000975,喷码机白6,MECHANICAL,SCP-Production,ACTIVE,,,,,
BC02000980,喷码机白7,MECHANICAL,SCP-Production,ACTIVE,,,,,
BC05000337,喷码机黑1,MECHANICAL,SCP-Production,ACTIVE,,,,,
BC02110007,喷码机黑2,MECHANICAL,SCP-Production,ACTIVE,,,,,
BC05000905,喷码机黑4,MECHANICAL,SCP-Production,ACTIVE,,,,,
BC02110011,喷码机黑5,MECHANICAL,SCP-Production,ACTIVE,,,,,
BC02110008,喷码机黑6,MECHANICAL,SCP-Production,ACTIVE,,,,,
BC02110012,喷码机黑7,MECHANICAL,SCP-Production,ACTIVE,,,,,
BC02000977,喷码机黑8,MECHANICAL,SCP-Production,ACTIVE,,,,,
BC02000976,喷码机黑9,MECHANICAL,SCP-Production,ACTIVE,,,,,
BC02000979,喷码机黑10,MECHANICAL,SCP-Production,ACTIVE,,,,,
BC02000978,喷码机黑11,MECHANICAL,SCP-Production,ACTIVE,,,,,
